"Date","Price","Open","High","Low","Vol.","Change %"
"05/12/2026","1,901.10","1,895.50","1,906.64","1,869.63","646.16M","0.30%"
"05/11/2026","1,895.50","1,915.37","1,927.06","1,887.83","870.57M","-1.04%"
"05/08/2026","1,915.37","1,909.01","1,921.81","1,897.06","840.76M","0.33%"
"05/07/2026","1,909.01","1,891.20","1,924.95","1,891.03","852.20M","0.94%"
"05/06/2026","1,891.20","1,874.85","1,892.00","1,868.92","788.37M","0.87%"
"05/05/2026","1,874.85","1,854.06","1,875.97","1,838.14","701.96M","1.12%"
"05/04/2026","1,854.06","1,854.10","1,876.80","1,840.43","614.07M","0.00%"
"04/29/2026","1,854.10","1,875.84","1,888.80","1,838.56","626.25M","-1.16%"
"04/28/2026","1,875.84","1,853.29","1,887.69","1,848.98","577.91M","1.22%"
"04/24/2026","1,853.29","1,870.36","1,881.93","1,843.63","568.68M","-0.91%"
"04/23/2026","1,870.36","1,857.30","1,888.99","1,855.09","953.43M","0.70%"
"04/22/2026","1,857.30","1,833.48","1,861.34","1,819.21","562.38M","1.30%"
"04/21/2026","1,833.48","1,837.11","1,866.10","1,823.24","751.13M","-0.20%"
"04/20/2026","1,837.11","1,817.17","1,838.74","1,802.42","581.40M","1.10%"
"04/17/2026","1,817.17","1,819.83","1,846.19","1,812.24","632.35M","-0.15%"
"04/16/2026","1,819.83","1,800.65","1,824.03","1,795.42","819.39M","1.07%"
"04/15/2026","1,800.65","1,775.65","1,801.89","1,775.39","805.51M","1.41%"
"04/14/2026","1,775.65","1,758.96","1,784.43","1,750.67","774.46M","0.95%"
"04/13/2026","1,758.96","1,750.00","1,765.67","1,733.18","767.25M","0.51%"
"04/10/2026","1,750.00","1,736.68","1,762.84","1,736.68","855.52M","0.77%"
"04/09/2026","1,736.68","1,756.55","1,769.69","1,733.97","939.90M","-1.13%"
"04/08/2026","1,756.55","1,677.54","1,756.55","1,677.54","1.12B","4.71%"
"04/07/2026","1,677.54","1,674.99","1,690.31","1,665.36","514.78M","0.15%"
"04/06/2026","1,674.99","1,684.04","1,693.03","1,669.31","556.78M","-0.54%"
"04/03/2026","1,684.04","1,694.82","1,713.95","1,679.30","696.86M","-0.64%"
"04/02/2026","1,694.82","1,702.93","1,720.88","1,684.47","730.46M","-0.48%"
"04/01/2026","1,702.93","1,674.49","1,715.21","1,674.49","826.84M","1.70%"
"03/31/2026","1,674.49","1,662.54","1,677.83","1,662.05","787.84M","0.72%"
"03/30/2026","1,662.54","1,672.80","1,672.80","1,637.58","745.20M","-0.61%"
"03/27/2026","1,672.80","1,644.63","1,673.31","1,640.31","814.66M","1.71%"
"03/26/2026","1,644.63","1,658.19","1,677.52","1,634.55","641.31M","-0.82%"
"03/25/2026","1,658.19","1,614.77","1,658.77","1,614.77","796.96M","2.69%"
"03/24/2026","1,614.77","1,591.17","1,636.40","1,591.17","687.08M","1.48%"
"03/23/2026","1,591.17","1,647.81","1,647.81","1,582.26","986.02M","-3.44%"
"03/20/2026","1,647.81","1,699.13","1,700.01","1,628.45","856.45M","-3.02%"
"03/19/2026","1,699.13","1,713.83","1,713.83","1,675.32","821.69M","-0.86%"
"03/18/2026","1,713.83","1,710.29","1,742.87","1,690.08","699.76M","0.21%"
"03/17/2026","1,710.29","1,693.21","1,732.31","1,693.21","725.27M","1.01%"
"03/16/2026","1,693.21","1,696.24","1,707.00","1,680.70","746.31M","-0.18%"
"03/13/2026","1,696.24","1,709.61","1,716.75","1,688.21","877.88M","-0.78%"
"03/12/2026","1,709.61","1,728.34","1,737.70","1,701.59","857.92M","-1.08%"
"03/11/2026","1,728.34","1,676.73","1,729.67","1,673.57","896.28M","3.08%"
"03/10/2026","1,676.73","1,652.79","1,716.62","1,631.74","1.34B","1.45%"
"03/09/2026","1,652.79","1,767.84","1,767.84","1,650.74","1.28B","-6.51%"
"03/06/2026","1,767.84","1,808.51","1,808.51","1,766.67","952.77M","-2.25%"
"03/05/2026","1,808.51","1,818.27","1,851.60","1,806.28","1.10B","-0.54%"
"03/04/2026","1,818.27","1,813.14","1,833.33","1,766.86","1.48B","0.28%"
"03/03/2026","1,813.14","1,846.10","1,854.28","1,808.55","1.22B","-1.79%"
"03/02/2026","1,846.10","1,880.33","1,885.18","1,801.54","1.42B","-1.82%"
"02/27/2026","1,880.33","1,879.64","1,899.44","1,863.36","858.21M","0.04%"
"02/26/2026","1,879.64","1,860.91","1,882.17","1,859.04","753.93M","1.01%"
"02/25/2026","1,860.91","1,867.62","1,876.01","1,855.99","1.08B","-0.36%"
"02/24/2026","1,867.62","1,860.14","1,867.66","1,849.60","967.87M","0.40%"
"02/23/2026","1,860.14","1,824.09","1,863.13","1,824.09","732.21M","1.98%"
"02/13/2026","1,824.09","1,814.09","1,824.09","1,792.91","576.39M","0.55%"
"02/12/2026","1,814.09","1,796.85","1,816.11","1,796.85","451.67M","0.96%"
"02/11/2026","1,796.85","1,754.03","1,799.92","1,754.03","808.85M","2.44%"
"02/10/2026","1,754.03","1,754.82","1,776.24","1,741.37","719.68M","-0.05%"
"02/09/2026","1,754.82","1,755.49","1,771.73","1,749.87","517.58M","-0.04%"
"02/06/2026","1,755.49","1,782.56","1,782.56","1,750.89","997.37M","-1.52%"
"02/05/2026","1,782.56","1,791.43","1,800.10","1,782.18","703.27M","-0.50%"
"02/04/2026","1,791.43","1,813.40","1,821.61","1,780.71","969.82M","-1.21%"
"02/03/2026","1,813.40","1,806.50","1,827.22","1,797.49","916.90M","0.38%"
"02/02/2026","1,806.50","1,829.04","1,834.94","1,777.85","888.37M","-1.23%"
"01/30/2026","1,829.04","1,814.98","1,831.97","1,803.72","827.04M","0.77%"
"01/29/2026","1,814.98","1,802.91","1,814.98","1,789.26","657.11M","0.67%"
"01/28/2026","1,802.91","1,830.50","1,842.61","1,793.13","863.40M","-1.51%"
"01/27/2026","1,830.50","1,843.72","1,845.70","1,821.79","752.07M","-0.72%"
"01/26/2026","1,843.72","1,870.79","1,880.60","1,833.21","998.24M","-1.45%"
"01/23/2026","1,870.79","1,882.73","1,898.83","1,866.72","841.05M","-0.63%"
"01/22/2026","1,882.73","1,885.44","1,904.56","1,870.22","945.70M","-0.14%"
"01/21/2026","1,885.44","1,893.78","1,894.22","1,859.25","1.13B","-0.44%"
"01/20/2026","1,893.78","1,896.59","1,915.11","1,884.60","987.97M","-0.15%"
"01/19/2026","1,896.59","1,879.13","1,898.24","1,874.69","832.52M","0.93%"
"01/16/2026","1,879.13","1,864.80","1,901.22","1,858.44","980.96M","0.77%"
"01/15/2026","1,864.80","1,894.44","1,896.24","1,845.95","1.20B","-1.56%"
"01/14/2026","1,894.44","1,902.93","1,918.46","1,870.87","1.34B","-0.45%"
"01/13/2026","1,902.93","1,877.33","1,910.69","1,871.79","1.29B","1.36%"
"01/12/2026","1,877.33","1,867.90","1,887.92","1,862.13","1.32B","0.50%"
"01/09/2026","1,867.90","1,855.56","1,880.16","1,853.16","1.22B","0.67%"
"01/08/2026","1,855.56","1,861.58","1,888.33","1,850.11","1.17B","-0.32%"
"01/07/2026","1,861.58","1,816.27","1,861.58","1,816.27","929.08M","2.49%"
"01/06/2026","1,816.27","1,788.40","1,817.06","1,788.40","838.99M","1.56%"
"01/05/2026","1,788.40","1,784.49","1,797.40","1,775.19","810.90M","0.22%"
"12/31/2025","1,784.49","1,766.90","1,787.75","1,755.58","592.84M","1.00%"
"12/30/2025","1,766.90","1,754.84","1,766.90","1,740.07","554.60M","0.69%"
"12/29/2025","1,754.84","1,729.80","1,754.84","1,729.80","513.33M","1.45%"
"12/26/2025","1,729.80","1,742.85","1,742.85","1,687.14","920.35M","-0.75%"
"12/25/2025","1,742.85","1,782.82","1,805.93","1,742.85","633.31M","-2.24%"
"12/24/2025","1,782.82","1,772.15","1,792.21","1,753.65","685.90M","0.60%"
"12/23/2025","1,772.15","1,751.03","1,778.18","1,751.03","732.38M","1.21%"
"12/22/2025","1,751.03","1,704.31","1,751.03","1,704.31","755.37M","2.74%"
"12/19/2025","1,704.31","1,676.98","1,705.76","1,676.98","660.58M","1.63%"
"12/18/2025","1,676.98","1,673.66","1,677.24","1,665.21","490.17M","0.20%"
"12/17/2025","1,673.66","1,679.18","1,689.53","1,649.51","495.75M","-0.33%"
"12/16/2025","1,679.18","1,646.01","1,689.07","1,629.37","751.64M","2.02%"
"12/15/2025","1,646.01","1,646.89","1,665.65","1,635.91","599.60M","-0.05%"
"12/12/2025","1,646.89","1,698.90","1,704.03","1,635.95","830.67M","-3.06%"
"12/11/2025","1,698.90","1,718.98","1,718.98","1,690.40","497.31M","-1.17%"
"12/10/2025","1,718.98","1,747.17","1,749.91","1,713.00","518.37M","-1.61%"
"12/09/2025","1,747.17","1,753.74","1,772.21","1,724.66","895.77M","-0.37%"
"12/08/2025","1,753.74","1,741.32","1,762.25","1,741.32","609.65M","0.71%"
"12/05/2025","1,741.32","1,737.24","1,758.44","1,736.62","629.67M","0.23%"
"12/04/2025","1,737.24","1,731.77","1,741.71","1,725.23","762.19M","0.32%"
"12/03/2025","1,731.77","1,717.06","1,741.65","1,714.90","720.63M","0.86%"
"12/02/2025","1,717.06","1,701.67","1,719.03","1,690.36","661.27M","0.90%"
"12/01/2025","1,701.67","1,690.99","1,713.77","1,690.99","519.84M","0.63%"
"11/28/2025","1,690.99","1,684.32","1,696.14","1,679.12","632.98M","0.40%"
"11/27/2025","1,684.32","1,680.36","1,695.34","1,679.76","598.41M","0.24%"
"11/26/2025","1,680.36","1,660.36","1,682.17","1,660.36","682.18M","1.20%"
"11/25/2025","1,660.36","1,667.98","1,684.74","1,655.83","778.05M","-0.46%"
"11/24/2025","1,667.98","1,654.93","1,674.29","1,654.93","522.15M","0.79%"
"11/21/2025","1,654.93","1,655.99","1,658.77","1,635.10","666.03M","-0.06%"
"11/20/2025","1,655.99","1,649.00","1,660.55","1,647.79","592.50M","0.42%"
"11/19/2025","1,649.00","1,659.92","1,661.70","1,643.04","742.00M","-0.66%"
"11/18/2025","1,659.92","1,654.42","1,660.41","1,639.20","706.24M","0.33%"
"11/17/2025","1,654.42","1,635.46","1,654.42","1,635.14","661.27M","1.16%"
"11/14/2025","1,635.46","1,631.44","1,638.35","1,623.03","649.84M","0.25%"
"11/13/2025","1,631.44","1,631.86","1,638.98","1,618.77","629.95M","-0.03%"
"11/12/2025","1,631.86","1,593.61","1,631.86","1,593.61","682.21M","2.40%"
"11/11/2025","1,593.61","1,580.54","1,597.08","1,578.42","596.03M","0.83%"
"11/10/2025","1,580.54","1,599.10","1,609.49","1,580.54","656.34M","-1.16%"
"11/07/2025","1,599.10","1,642.64","1,644.43","1,595.34","818.30M","-2.65%"
"11/06/2025","1,642.64","1,654.89","1,659.81","1,638.12","550.19M","-0.74%"
"11/05/2025","1,654.89","1,651.98","1,662.96","1,640.51","614.85M","0.18%"
"11/04/2025","1,651.98","1,617.00","1,658.93","1,600.56","1.13B","2.16%"
"11/03/2025","1,617.00","1,639.65","1,652.48","1,614.65","965.23M","-1.38%"
"10/31/2025","1,639.65","1,669.57","1,675.07","1,626.79","777.80M","-1.79%"
"10/30/2025","1,669.57","1,685.83","1,692.13","1,661.38","763.11M","-0.96%"
"10/29/2025","1,685.83","1,680.50","1,702.23","1,675.68","823.54M","0.32%"
"10/28/2025","1,680.50","1,652.54","1,680.77","1,621.52","876.81M","1.69%"
"10/27/2025","1,652.54","1,683.18","1,697.16","1,652.11","903.49M","-1.82%"
"10/24/2025","1,683.18","1,687.06","1,691.69","1,660.32","916.27M","-0.23%"
"10/23/2025","1,687.06","1,678.50","1,698.01","1,668.57","699.30M","0.51%"
"10/22/2025","1,678.50","1,663.43","1,697.58","1,628.37","910.68M","0.91%"
"10/21/2025","1,663.43","1,636.43","1,677.11","1,609.70","1.53B","1.65%"
"10/20/2025","1,636.43","1,731.19","1,731.19","1,635.08","1.64B","-5.47%"
"10/17/2025","1,731.19","1,766.85","1,777.35","1,725.12","1.22B","-2.02%"
"10/16/2025","1,766.85","1,757.95","1,768.45","1,753.50","1.09B","0.51%"
"10/15/2025","1,757.95","1,761.06","1,778.49","1,747.51","1.11B","-0.18%"
"10/14/2025","1,761.06","1,765.12","1,794.58","1,753.25","1.49B","-0.23%"
"10/13/2025","1,765.12","1,747.55","1,766.77","1,704.63","1.23B","1.01%"
"10/10/2025","1,747.55","1,716.47","1,747.57","1,716.47","998.29M","1.81%"
"10/09/2025","1,716.47","1,697.83","1,717.65","1,697.83","1.04B","1.10%"
"10/08/2025","1,697.83","1,685.30","1,735.29","1,680.87","1.02B","0.74%"
"10/07/2025","1,685.30","1,695.50","1,713.15","1,675.40","799.01M","-0.60%"
"10/06/2025","1,695.50","1,645.82","1,695.50","1,643.23","1.01B","3.02%"
"10/03/2025","1,645.82","1,652.71","1,656.58","1,637.95","814.58M","-0.42%"
"10/02/2025","1,652.71","1,665.05","1,679.73","1,646.77","735.86M","-0.74%"
"10/01/2025","1,665.05","1,661.70","1,671.07","1,655.85","666.00M","0.20%"
"09/30/2025","1,661.70","1,666.48","1,676.80","1,645.97","1.05B","-0.29%"
"09/29/2025","1,666.48","1,660.70","1,674.84","1,639.20","808.66M","0.35%"
"09/26/2025","1,660.70","1,666.09","1,671.43","1,652.65","899.32M","-0.32%"
"09/25/2025","1,666.09","1,657.46","1,668.21","1,654.47","914.94M","0.52%"
"09/24/2025","1,657.46","1,635.26","1,657.48","1,619.09","942.29M","1.36%"
"09/23/2025","1,635.26","1,634.45","1,643.59","1,624.08","657.14M","0.05%"
"09/22/2025","1,634.45","1,658.62","1,666.43","1,616.02","1.14B","-1.46%"
"09/19/2025","1,658.62","1,665.18","1,671.94","1,638.44","863.96M","-0.39%"
"09/18/2025","1,665.18","1,670.97","1,679.63","1,645.58","863.67M","-0.35%"
"09/17/2025","1,670.97","1,680.90","1,684.62","1,662.63","967.05M","-0.59%"
"09/16/2025","1,680.90","1,684.90","1,697.26","1,675.87","1.23B","-0.24%"
"09/15/2025","1,684.90","1,667.26","1,684.90","1,665.61","1.12B","1.06%"
"09/12/2025","1,667.26","1,657.75","1,675.38","1,653.79","1.01B","0.57%"
"09/11/2025","1,657.75","1,643.26","1,659.19","1,605.76","1.20B","0.88%"
"09/10/2025","1,643.26","1,637.32","1,652.68","1,629.29","833.10M","0.36%"
"09/09/2025","1,637.32","1,624.53","1,637.32","1,613.01","1.01B","0.79%"
"09/08/2025","1,624.53","1,666.97","1,667.36","1,623.32","1.77B","-2.55%"
"09/05/2025","1,666.97","1,696.29","1,711.49","1,665.45","1.65B","-1.73%"
"09/04/2025","1,696.29","1,681.30","1,696.29","1,675.95","1.29B","0.89%"
"09/03/2025","1,681.30","1,682.21","1,692.69","1,670.39","1.24B","-0.05%"
"08/29/2025","1,682.21","1,680.86","1,694.42","1,677.82","1.46B","0.08%"
"08/28/2025","1,680.86","1,672.78","1,684.16","1,659.68","1.10B","0.48%"
"08/27/2025","1,672.78","1,667.63","1,696.60","1,667.23","1.48B","0.31%"
"08/26/2025","1,667.63","1,614.03","1,667.96","1,601.65","1.23B","3.32%"
"08/25/2025","1,614.03","1,645.47","1,661.47","1,608.53","1.45B","-1.91%"
"08/22/2025","1,645.47","1,688.00","1,691.71","1,629.49","2.23B","-2.52%"
"08/21/2025","1,688.00","1,664.36","1,693.68","1,664.36","1.64B","1.42%"
"08/20/2025","1,664.36","1,654.20","1,672.70","1,614.60","2.28B","0.61%"
"08/19/2025","1,654.20","1,636.37","1,665.48","1,636.37","1.79B","1.09%"
"08/18/2025","1,636.37","1,630.00","1,642.71","1,625.61","1.51B","0.39%"
"08/15/2025","1,630.00","1,640.69","1,666.54","1,615.26","2.01B","-0.65%"
"08/14/2025","1,640.69","1,611.60","1,641.28","1,611.60","1.75B","1.81%"
"08/13/2025","1,611.60","1,608.22","1,618.31","1,585.54","1.86B","0.21%"
"08/12/2025","1,608.22","1,596.86","1,608.34","1,591.18","1.58B","0.71%"
"08/11/2025","1,596.86","1,584.95","1,601.79","1,584.95","1.59B","0.75%"
"08/08/2025","1,584.95","1,581.81","1,592.52","1,565.45","1.82B","0.20%"
"08/07/2025","1,581.81","1,573.71","1,588.38","1,567.72","1.61B","0.51%"
"08/06/2025","1,573.71","1,547.15","1,574.34","1,547.15","1.33B","1.72%"
"08/05/2025","1,547.15","1,528.19","1,584.98","1,519.08","2.70B","1.24%"
"08/04/2025","1,528.19","1,495.21","1,528.21","1,491.11","1.23B","2.21%"
"08/01/2025","1,495.21","1,502.52","1,509.22","1,479.98","1.38B","-0.49%"
"07/31/2025","1,502.52","1,507.63","1,528.66","1,488.30","1.65B","-0.34%"
"07/30/2025","1,507.63","1,493.41","1,512.15","1,482.45","1.62B","0.95%"
"07/29/2025","1,493.41","1,557.42","1,566.74","1,490.24","2.64B","-4.11%"
"07/28/2025","1,557.42","1,531.13","1,558.12","1,531.13","1.79B","1.72%"
"07/25/2025","1,531.13","1,521.02","1,534.51","1,519.79","1.41B","0.66%"
"07/24/2025","1,521.02","1,512.31","1,525.32","1,502.82","1.39B","0.58%"
"07/23/2025","1,512.31","1,509.54","1,523.37","1,507.14","1.44B","0.18%"
"07/22/2025","1,509.54","1,485.05","1,509.54","1,476.61","1.23B","1.65%"
"07/21/2025","1,485.05","1,497.28","1,511.96","1,481.37","1.39B","-0.82%"
"07/18/2025","1,497.28","1,490.01","1,501.20","1,484.29","1.46B","0.49%"
"07/17/2025","1,490.01","1,475.47","1,494.46","1,475.47","1.41B","0.99%"
"07/16/2025","1,475.47","1,460.65","1,475.47","1,457.04","1.22B","1.01%"
"07/15/2025","1,460.65","1,470.42","1,476.32","1,460.16","1.33B","-0.66%"
"07/14/2025","1,470.42","1,457.76","1,473.93","1,447.72","1.26B","0.87%"
"07/11/2025","1,457.76","1,445.64","1,463.91","1,445.64","1.23B","0.84%"
"07/10/2025","1,445.64","1,431.32","1,446.16","1,431.32","1.07B","1.00%"
"07/09/2025","1,431.32","1,415.46","1,432.29","1,415.46","1.43B","1.12%"
"07/08/2025","1,415.46","1,402.06","1,415.65","1,400.79","1.17B","0.96%"
"07/07/2025","1,402.06","1,386.97","1,402.32","1,386.97","1.23B","1.09%"
"07/04/2025","1,386.97","1,381.96","1,388.04","1,379.40","834.92M","0.36%"
"07/03/2025","1,381.96","1,384.59","1,392.39","1,377.06","1.32B","-0.19%"
"07/02/2025","1,384.59","1,377.84","1,384.72","1,372.27","848.89M","0.49%"
"07/01/2025","1,377.84","1,376.07","1,382.16","1,369.74","725.24M","0.13%"
"06/30/2025","1,376.07","1,371.44","1,377.30","1,371.44","636.41M","0.34%"
"06/27/2025","1,371.44","1,365.67","1,373.28","1,362.09","677.78M","0.42%"
"06/26/2025","1,365.67","1,366.75","1,372.74","1,360.78","598.74M","-0.08%"
"06/25/2025","1,366.75","1,366.77","1,371.57","1,364.09","733.11M","0.00%"
"06/24/2025","1,366.77","1,358.18","1,371.24","1,355.53","881.51M","0.63%"
"06/23/2025","1,358.18","1,349.35","1,358.26","1,338.49","734.13M","0.65%"
"06/20/2025","1,349.35","1,352.04","1,356.78","1,342.31","778.28M","-0.20%"
"06/19/2025","1,352.04","1,346.83","1,353.96","1,342.08","650.85M","0.39%"
"06/18/2025","1,346.83","1,347.69","1,353.99","1,341.64","766.36M","-0.06%"
"06/17/2025","1,347.69","1,338.11","1,353.01","1,338.11","762.36M","0.72%"
"06/16/2025","1,338.11","1,315.49","1,338.66","1,307.37","778.08M","1.72%"
"06/13/2025","1,315.49","1,322.99","1,326.62","1,304.12","1.16B","-0.57%"
"06/12/2025","1,322.99","1,315.20","1,326.03","1,308.63","810.97M","0.59%"
"06/11/2025","1,315.20","1,316.23","1,322.07","1,306.25","539.56M","-0.08%"
"06/10/2025","1,316.23","1,310.57","1,323.61","1,299.94","702.73M","0.43%"
"06/09/2025","1,310.57","1,329.89","1,331.56","1,309.05","718.35M","-1.45%"
"06/06/2025","1,329.89","1,342.09","1,344.92","1,325.45","900.45M","-0.91%"
"06/05/2025","1,342.09","1,345.74","1,347.49","1,336.11","756.61M","-0.27%"
"06/04/2025","1,345.74","1,347.25","1,351.14","1,341.53","952.31M","-0.11%"
"06/03/2025","1,347.25","1,336.30","1,350.89","1,336.30","1.03B","0.82%"
"06/02/2025","1,336.30","1,332.60","1,336.33","1,322.95","860.23M","0.28%"
"05/30/2025","1,332.60","1,341.86","1,345.78","1,328.69","910.32M","-0.69%"
"05/29/2025","1,341.86","1,341.87","1,348.31","1,335.62","894.92M","0.00%"
"05/28/2025","1,341.87","1,339.81","1,348.05","1,337.18","898.55M","0.15%"
"05/27/2025","1,339.81","1,332.51","1,339.81","1,329.60","1.05B","0.55%"
"05/26/2025","1,332.51","1,314.46","1,332.51","1,288.86","959.63M","1.37%"
"05/23/2025","1,314.46","1,313.84","1,320.07","1,308.62","641.20M","0.05%"
"05/22/2025","1,313.84","1,323.05","1,331.93","1,312.80","1.12B","-0.70%"
"05/21/2025","1,323.05","1,315.15","1,331.60","1,313.13","989.95M","0.60%"
"05/20/2025","1,315.15","1,296.29","1,316.67","1,296.29","856.90M","1.45%"
"05/19/2025","1,296.29","1,301.39","1,306.20","1,291.66","829.02M","-0.39%"
"05/16/2025","1,301.39","1,313.20","1,318.03","1,299.55","849.81M","-0.90%"
"05/15/2025","1,313.20","1,309.73","1,316.16","1,301.61","1.05B","0.26%"
"05/14/2025","1,309.73","1,293.43","1,310.57","1,292.34","915.94M","1.26%"
"05/13/2025","1,293.43","1,283.26","1,293.70","1,283.26","883.81M","0.79%"
"05/12/2025","1,283.26","1,267.30","1,283.86","1,267.30","831.86M","1.26%"
"05/09/2025","1,267.30","1,269.80","1,279.61","1,264.87","693.91M","-0.20%"
"05/08/2025","1,269.80","1,250.37","1,271.44","1,250.37","780.07M","1.55%"
"05/07/2025","1,250.37","1,241.95","1,250.79","1,240.20","696.10M","0.68%"
"05/06/2025","1,241.95","1,240.05","1,251.02","1,240.05","723.04M","0.15%"
"05/05/2025","1,240.05","1,226.30","1,241.51","1,226.30","562.29M","1.12%"
"04/29/2025","1,226.30","1,226.80","1,229.10","1,222.30","675.96M","-0.04%"
"04/28/2025","1,226.80","1,234.30","1,234.30","1,222.56","679.79M","-0.20%"
"04/25/2025","1,229.23","1,223.35","1,230.72","1,220.67","863.02M","0.48%"
"04/24/2025","1,223.35","1,214.78","1,224.66","1,210.37","798.64M","1.02%"
"04/23/2025","1,211.00","1,197.13","1,216.28","1,197.13","855.21M","1.16%"
"04/22/2025","1,197.13","1,207.07","1,207.07","1,136.98","1.70B","-0.82%"
"04/21/2025","1,207.07","1,219.12","1,222.77","1,201.63","880.86M","-0.99%"
"04/18/2025","1,219.12","1,228.37","1,234.67","1,219.12","1.07B","0.15%"
"04/17/2025","1,217.25","1,210.30","1,217.25","1,197.50","807.72M","0.57%"
"04/16/2025","1,210.30","1,227.79","1,233.84","1,205.93","818.93M","-1.42%"
"04/15/2025","1,227.79","1,241.44","1,246.21","1,221.75","1.07B","-1.10%"
"04/14/2025","1,241.44","1,235.01","1,242.94","1,226.06","1.04B","1.55%"
"04/11/2025","1,222.46","1,168.34","1,222.46","1,168.34","1.73B","4.63%"
"04/10/2025","1,168.34","1,094.30","1,168.40","1,094.30","369.96M","6.77%"
"04/09/2025","1,094.30","1,132.79","1,141.35","1,073.61","1.60B","-3.40%"
"04/08/2025","1,132.79","1,210.67","1,210.67","1,130.98","1.16B","-6.43%"
"04/04/2025","1,210.67","1,229.84","1,229.84","1,158.17","1.99B","-1.56%"
"04/03/2025","1,229.84","1,272.87","1,277.90","1,229.41","1.76B","-6.68%"
"04/02/2025","1,317.83","1,317.33","1,324.46","1,317.33","849.31M","0.04%"
"04/01/2025","1,317.33","1,313.03","1,317.46","1,308.06","620.03M","0.80%"
"03/31/2025","1,306.86","1,317.46","1,317.46","1,304.10","867.81M","-0.80%"
"03/28/2025","1,317.46","1,324.42","1,325.34","1,315.72","739.65M","-0.48%"
"03/27/2025","1,323.81","1,326.09","1,328.82","1,323.01","672.32M","-0.17%"
"03/26/2025","1,326.09","1,331.92","1,338.55","1,323.69","834.63M","-0.44%"
"03/25/2025","1,331.92","1,330.32","1,337.60","1,329.81","1.02B","0.12%"
"03/24/2025","1,330.32","1,322.90","1,330.32","1,316.73","926.62M","0.64%"
"03/21/2025","1,321.88","1,323.93","1,325.22","1,320.67","805.38M","-0.15%"
"03/20/2025","1,323.93","1,324.63","1,332.41","1,316.11","918.93M","-0.05%"
"03/19/2025","1,324.63","1,330.97","1,330.97","1,320.85","949.33M","-0.48%"
"03/18/2025","1,330.97","1,336.26","1,341.65","1,330.97","903.37M","-0.40%"
"03/17/2025","1,336.26","1,330.62","1,336.26","1,329.05","971.32M","0.76%"
"03/14/2025","1,326.15","1,326.27","1,333.32","1,324.30","1.02B","-0.01%"
"03/13/2025","1,326.27","1,334.41","1,340.91","1,324.87","1.07B","-0.61%"
"03/12/2025","1,334.41","1,332.54","1,342.91","1,331.75","942.05M","0.14%"
"03/11/2025","1,332.54","1,330.28","1,332.54","1,315.92","933.34M","0.17%"
"03/10/2025","1,330.28","1,326.05","1,335.87","1,326.05","1.02B","0.32%"
"03/07/2025","1,326.05","1,318.22","1,327.07","1,318.22","957.52M","0.59%"
"03/06/2025","1,318.22","1,304.71","1,318.22","1,304.71","1.06B","1.04%"
"03/05/2025","1,304.71","1,311.91","1,319.52","1,304.71","979.93M","-0.55%"
"03/04/2025","1,311.91","1,309.37","1,313.21","1,298.28","1.06B","0.19%"
"03/03/2025","1,309.37","1,305.36","1,309.77","1,304.30","976.08M","0.31%"
"02/28/2025","1,305.36","1,307.80","1,308.77","1,300.66","814.81M","-0.19%"
"02/27/2025","1,307.80","1,307.31","1,307.87","1,296.43","892.98M","0.37%"
"02/26/2025","1,302.96","1,303.16","1,306.49","1,301.20","758.27M","-0.02%"
"02/25/2025","1,303.16","1,306.86","1,309.97","1,298.54","885.78M","-0.11%"
"02/24/2025","1,304.56","1,296.75","1,304.56","1,294.69","892.36M","0.60%"
"02/21/2025","1,296.75","1,292.98","1,296.75","1,290.98","740.53M","0.29%"
"02/20/2025","1,292.98","1,288.56","1,295.82","1,288.56","770.75M","0.34%"
"02/19/2025","1,288.56","1,278.14","1,288.56","1,278.14","814.56M","0.82%"
"02/18/2025","1,278.14","1,272.72","1,283.34","1,272.19","706.79M","0.43%"
"02/17/2025","1,272.72","1,276.08","1,278.49","1,272.72","852.79M","-0.26%"
"02/14/2025","1,276.08","1,270.35","1,280.60","1,270.35","650.49M","0.45%"
"02/13/2025","1,270.35","1,266.91","1,270.67","1,263.85","512.02M","0.27%"
"02/12/2025","1,266.91","1,268.45","1,272.86","1,266.59","506.16M","-0.12%"
"02/11/2025","1,268.45","1,263.26","1,268.45","1,263.11","628.72M","0.41%"
"02/10/2025","1,263.26","1,275.20","1,275.20","1,263.26","794.94M","-0.94%"
"02/07/2025","1,275.20","1,271.48","1,279.35","1,269.11","619.05M","0.29%"
"02/06/2025","1,271.48","1,269.61","1,275.47","1,268.28","568.69M","0.15%"
"02/05/2025","1,269.61","1,264.68","1,271.80","1,264.68","587.30M","0.39%"
"02/04/2025","1,264.68","1,256.91","1,264.68","1,255.44","660.34M","0.93%"
"02/03/2025","1,253.03","1,265.05","1,265.05","1,249.78","547.00M","-0.95%"
"01/24/2025","1,265.05","1,259.26","1,265.38","1,258.46","536.20M","0.43%"
"01/23/2025","1,259.63","1,245.59","1,263.59","1,244.77","542.47M","1.38%"
"01/22/2025","1,242.53","1,246.09","1,249.14","1,242.53","508.86M","-0.29%"
"01/21/2025","1,246.09","1,249.55","1,254.17","1,243.08","495.63M","-0.28%"
"01/20/2025","1,249.55","1,249.11","1,253.02","1,247.50","440.95M","0.04%"
"01/17/2025","1,249.11","1,242.36","1,249.11","1,239.63","432.98M","0.54%"
"01/16/2025","1,242.36","1,236.18","1,245.40","1,235.56","499.94M","0.50%"
"01/15/2025","1,236.18","1,229.07","1,237.46","1,229.07","466.70M","0.58%"
"01/14/2025","1,229.07","1,235.65","1,235.65","1,226.70","374.58M","-0.53%"
"01/13/2025","1,235.65","1,230.48","1,235.65","1,220.87","519.70M","0.42%"
"01/10/2025","1,230.48","1,245.77","1,247.80","1,230.48","499.27M","-1.23%"
"01/09/2025","1,245.77","1,251.02","1,253.26","1,242.90","336.33K","-0.42%"
"01/08/2025","1,251.02","1,246.95","1,251.02","1,239.67","445.75K","0.33%"
"01/07/2025","1,246.95","1,249.19","1,254.09","1,243.06","560.06K","0.05%"
"01/06/2025","1,246.35","1,254.59","1,260.37","1,244.87","565.15K","-0.66%"
"01/03/2025","1,254.59","1,268.74","1,269.01","1,254.59","560.47K","-1.19%"
"01/02/2025","1,269.71","1,266.78","1,271.13","1,263.25","428.14K","0.23%"